Player,School,School State,Hometown,State,,,
Henry Godbout,Virginia,VA,Brooklyn,NY,,,
Mark Gialluisi,Virginia,VA,Westfield,NJ,,,
Jay Woolfolk,Virginia,VA,Chesterfield,VA,,,
Luke Hanson,Virginia,VA,Williamsburg,VA,,,
Griff O'Ferrall,Virginia,VA,Richmond,VA,,,
Aidan Teel,Virginia,VA,Mahwah,NJ,,,
Casey Saucke,Virginia,VA,Rochester,NY,,,
Henry Ford,Virginia,VA,Charlottesville,VA,,,
Bradley Hodges,Virginia,VA,Fleming Island,FL,,,
Charlie Oschell,Virginia,VA,Phoenixville,PA,,,
Ryan Osinski,Virginia,VA,Alexandria,VA,,,
Jack O'Connor,Virginia,VA,Arlington,VA,,,
Evan Blanco,Virginia,VA,Woburn,MA,,,
Anthony Stephan,Virginia,VA,Ridgewood,NJ,,,
Tristan Head,Virginia,VA,Jupiter,FL,,,
Bobby Whalen,Virginia,VA,Camp Hill,PA,,,
Owen Coady,Virginia,VA,Larchmont,NY,,,
Antonio Perrotta,Virginia,VA,Rockville,MD,,,
Eric Becker,Virginia,VA,Thiells,NY,,,
Ethan Anderson,Virginia,VA,Virginia Beach,VA,,,
Matthew Buchanan,Virginia,VA,Lebanon,VA,,,
Joe Savino,Virginia,VA,Ronkonkoma,NY,,,
Jacob Ference,Virginia,VA,Mount Airy,MD,,,
Blake Barker,Virginia,VA,Chardon,OH,,,
Kevin Jaxel,Virginia,VA,Congers,NY,,,
Angelo Tonas,Virginia,VA,Hillsborough,CA,,,
Walker Buchanan,Virginia,VA,Jupiter,FL,,,
Freddy Beruvides Jr.,Virginia,VA,Palm Beach Gardens,FL,,,
Harrison Didawick,Virginia,VA,Chesapeake,VA,,,
Cullen McKay,Virginia,VA,Norfolk,VA,,,
Bryson Moore,Virginia,VA,Fairfax,VA,,,
Tommy Roldan,Virginia,VA,Poolesville,MD,,,
Dean Kampschror,Virginia,VA,Falls Church,VA,,,
Matt Augustin,Virginia,VA,Cherry Hill,NJ,,,
Luke Schauer,Virginia,VA,Washington,DC,,,
Nate Bassett,Virginia,VA,Bristow,VA,,,
Patric Menk,Virginia,VA,Jacksonville,FL,,,
Jimmy Romano,Duke,NC,Roseland,NJ,,,
Andrew Healy,Duke,NC,Glen Mills,PA,,,
Andrew Yu,Duke,NC,Nashville,TN,,,
Gabe Nard,Duke,NC,Shaker Heights,OH,,,
Alex Stone,Duke,NC,Andover,NJ,,,
Macon Winslow,Duke,NC,Hertford,NC,,,
Wallace Clark,Duke,NC,Tulsa,OK,,,
Josh Allen,Duke,NC,Oviedo,FL,,,
Owen Proksch,Duke,NC,Southlake,TX,,,
Aidan Weaver,Duke,NC,Jamison,PA,,,
Edward Hart,Duke,NC,San Antonio,TX,,,
Jonathan Santucci,Duke,NC,Leominster,MA,,,
Devin Obee,Duke,NC,Nashville,TN,,,
Kyle Johnson,Duke,NC,Leesburg,VA,,,
Jackson Emus,Duke,NC,Clinton,MA,,,
James Tallon,Duke,NC,Arlington,VA,,,
Sam Harris,Duke,NC,Urbandale,IO,,,
Tim Noone,Duke,NC,Needham,MA,,,
Nick Conte,Duke,NC,North Providence,RI,,,
Mike Miller,Duke,NC,Mendota,MN,,,
Zac Morris,Duke,NC,Suffolk,VA,,,
Logan Bravo,Duke,NC,Andover,MA,,,
Chad Knight,Duke,NC,Westport,CT,,,
Chase Krewson,Duke,NC,Bridgeville,PA,,,
Ryan Higgins,Duke,NC,New Canaan,CT,,,
AJ Gracia,Duke,NC,Monroe,NJ,,,
Camron Poe,Duke,NC,Chesterfield,MO,,,
Fran Oschell III,Duke,NC,Phoenixville,PA,,,
Sam Yelton,Duke,NC,Harrisburg,NC,,,
Roman DiGiacomo,Duke,NC,Fairfield,CT,,,
Ben Miller,Duke,NC,Durham,NC,,,
David Boisvert,Duke,NC,Charlotte,NC,,,
Noah Murray,Duke,NC,Crozet,VA,,,
Tyler Albright,Duke,NC,Greensboro,NC,,,
Jimmy Evans,Duke,NC,Norwalk,CT,,,
Charlie Beilenson,Duke,NC,Los Angeles,CA,,,
James Raidt,Duke,NC,Stamford,CT,,,
Harrison Rodgers,Duke,NC,San Diego,CA,,,
Ben Weaver,Duke,NC,Doylestown,PA,,,
Dorian Gonzalez Jr.,Miami,FL,Miami,FL,,,
JD Urso,Miami,FL,Tampa,FL,,,
Blake Cyr,Miami,FL,Windermere,FL,,,
Drew Dwyer,Miami,FL,Fort Myers,FL,,,
Jack Scanlon,Miami,FL,Sloatsburg,NY,,,
Lucas Costello,Miami,FL,Miami,FL,,,
Herick Hernandez,Miami,FL,Hialeah,FL,,,
Brian Walters,Miami,FL,Palm Bay,FL,,,
Antonio Jimenez,Miami,FL,Davie,FL,,,
Daniel Cuvet,Miami,FL,Fort Lauderdale,FL,,,
Luca Reyes,Miami,FL,Teaneck,NJ,,,
Chris Diaz,Miami,FL,Hialeah,FL,,,
Jake Kulikowski,Miami,FL,Trinity,FL,,,
Julian Hernandez,Miami,FL,Miami,FL,,,
Rafe Schlesinger,Miami,FL,Holbrook,NY,,,
Slaide Naturman,Miami,FL,Roswell,GA,,,
Jordan Vargas,Miami,FL,Hialeah,FL,,,
JT Caruso,Miami,FL,Mount Sinai,NY,,,
Gage Ziehl,Miami,FL,Macedon,NY,,,
AJ Goytia,Miami,FL,Wesley Chapel,FL,,,
Alex Stanyek,Miami,FL,Holmdel,NJ,,,
Nick Robert,Miami,FL,Stuart,FL,,,
Jason Torres,Miami,FL,Hialeah,FL,,,
Eric Fernandez,Miami,FL,Miami,FL,,,
Jacoby Long,Miami,FL,Palm Beach Gardens,FL,,,
Myles Caba,Miami,FL,Valrico,FL,,,
Ben Chestnutt,Miami,FL,Debary,FL,,,
Edgardo Villegas,Miami,FL,Vega Alta,PR,,,
Brandon Olivera,Miami,FL,Hialeah,FL,,,
Ashton Crowther,Miami,FL,Trinity,FL,,,
Renzo Gonzalez,Miami,FL,Miami,FL,,,
Chris Scinta,Miami,FL,Tamarac,FL,,,
Gaby Gutierrez,Miami,FL,Miami,FL,,,
Carlos Perez,Miami,FL,Miami,FL,,,
Lorenzo Carrier,Miami,FL,Bear,DE,,,
Cohl Mercado,Boston College,MA,Ocean View,NJ,,,
Adam Magpoc,Boston College,MA,Torrance,CA,,,
Nathanael Frederking,Boston College,MA,London,ON,,,
Cam Caraher,Boston College,MA,Plymouth,MA,,,
Chris Markovich,Boston College,MA,Lebanon,NJ,,,
Patrick Roche,Boston College,MA,Milton,MA,,,
Barry Walsh,Boston College,MA,Sterling,MA,,,
Aidan Harrington,Boston College,MA,Millis,MA,,,
Brad Lombardi,Boston College,MA,East Greenwich,RI,,,
Cameron Leary,Boston College,MA,Bethpage,NY,,,
Owen DeShazo,Boston College,MA,Glen Allen,VA,,,
Vince Cimini,Boston College,MA,Scranton,PA,,,
Aidan Crowley,Boston College,MA,Shoreham,NY,,,
Connor Dreyer,Boston College,MA,Chatham,NJ,,,
Matthew Nunan,Boston College,MA,Egg Harbor,NJ,,,
Kyle Wolff,Boston College,MA,Andover,MA,,,
Brian McMonagle,Boston College,MA,Moorestown,NJ,,,
Tyler Mudd,Boston College,MA,Shrewsbury,MA,,,
Charlie Coon,Boston College,MA,Duxbury,MA,,,
Parker Landwehr,Boston College,MA,Baltimore,MD,,,
Gio Arzuaga,Boston College,MA,New Bedford,MA,,,
Austin Hartsell,Boston College,MA,Bridgewater,MA,,,
Ryan DiMaggio,Boston College,MA,Hamilton,NJ,,,
Sam McNulty,Boston College,MA,Cambridge,MA,,,
John Collins,Boston College,MA,New York,NY,,,
Gavin Hasche,Boston College,MA,Parker,CO,,,
Sean Hard,Boston College,MA,Mahwah,NJ,,,
Eric Schroeder,Boston College,MA,Ridgewood,NJ,,,
John West,Boston College,MA,Shrewsbury,MA,,,
Joe Gold,Boston College,MA,Ballston Spa,NY,,,
Evan Moore,Boston College,MA,Rocky Hill,CO,,,
James Hackett,Boston College,MA,Glenview,IL,,,
Jordan Fisse,Boston College,MA,Ridgewood,NJ,,,
Beck Milner,Boston College,MA,Park City,UT,,,
Tony Humphrey,Boston College,MA,Courtland Manor,NY,,,
Bobby Chicoine,Boston College,MA,Armonk,NY,,,
Nick Wang,Boston College,MA,Newton,MA,,,
Travis Lane,Boston College,MA,Georgetown,MA,,,
Kyle Kipp,Boston College,MA,Stamford,CO,,,
Nate McHugh,Boston College,MA,Franktown,CO,,,
A.J. Colarusso,Boston College,MA,Leominster,MA,,,
Michael Farinelli,Boston College,MA,New York,NY,,,
Joey Ryan,Boston College,MA,Norwood,MA,,,
Esteban Garcia,Boston College,MA,Queens,NY,,,
Connor Bertsch,Boston College,MA,West Roxbury,MA,,,
Stephen McLendon,Boston College,MA,Nashua,NH,,,
DM Jefferson,Notre Dame,IN,Washington, DC,,,
David Glancy,Notre Dame,IN,Neptune City, NJ,,,
Estevan Moreno,Notre Dame,IN,Hanover Park, IL,,,
David Lally Jr.,Notre Dame,IN,Grand Blanc, MI,,,
TJ Williams,Notre Dame,IN,Germantown, MD,,,
Tito Flores,Notre Dame,IN,Allen Park, MI,,,
Carson Tinney,Notre Dame,IN,Castle Pines, CO,,,
Troy Reader,Notre Dame,IN,Tampa, FL,,,
Rory Fox,Notre Dame,IN,Waukesha, WI,,,
Jack Penney,Notre Dame,IN,Wakefield, MA,,,
Connor Hincks,Notre Dame,IN,Western Springs, IL,,,
Joey Spence,Notre Dame,IN,West Bend, WI,,,
Nathan Manning,Notre Dame,IN,Mission Viejo, CA,,,
Josh Hahn,Notre Dame,IN,Huntington Beach, CA,,,
Drayk Bowen,Notre Dame,IN,Merrillville, IN,,,
Simon Baumgardt,Notre Dame,IN,Evergreen, CO,,,
Casey Kmet,Notre Dame,IN,Arlington Heights, IL,,,
Nick DeMarco,Notre Dame,IN,St. Charles, IL,,,
Brady Gumpf,Notre Dame,IN,South Bend, IN,,,
Tobey McDonough,Notre Dame,IN,Naples, FL,,,
Jack Findlay,Notre Dame,IN,Ledgewood, NJ,,,
Ryan Lynch,Notre Dame,IN,Granger, IN,,,
Caden Spivey,Notre Dame,IN,Vidalia, GA,,,
Jack Radel,Notre Dame,IN,Sioux Falls, SD,,,
Tony Lindwedel,Notre Dame,IN,St. Louis, MO,,,
Keenan Mork,Notre Dame,IN,River Falls, WI,,,
Matt Bedford,Notre Dame,IN,Staten Island, NY,,,
Radek Birkholz,Notre Dame,IN,Highlands Ranch, CO,,,
Nate Hardman,Notre Dame,IN,Bloomington, IL,,,
Hagan Ward,Notre Dame,IN,Wellesley, MA,,,
Aidan Krupp,Notre Dame,IN,River Forest, IL,,,
Jackson Dennies,Notre Dame,IN,New Orleans, LA,,,
Bennett Flynn,Notre Dame,IN,Mill Valley, CA,,,
Noah Greenseid,Notre Dame,IN,Coral Springs, FL,,,
Tore Indomenico,Notre Dame,IN,Chicago, IL,,,
DJ Helwig,Notre Dame,IN,Mokena, IL,,,
Ricky Reeth,Notre Dame,IN,Windermere, FL,,,
Sammy Cooper,Notre Dame,IN,Lee's Summit, MO,,,
Justin Mayes,Notre Dame,IN,Clearwater, FL,,,
Will Jacobsen,Notre Dame,IN,San Francisco, CA,,,
Davis Johnson,Notre Dame,IN,Providence, RI,,,
Tate Ballestero,Wake Forest,NC,Morristown,NJ,,,
Will Gervase,Wake Forest,NC,Fuquay-Varina,NC,,,
William Ray,Wake Forest,NC,Mars,PA,,,
Adam Tellier,Wake Forest,NC,Ada,MI,,,
Blake Morningstar,Wake Forest,NC,Wyalusing,PA,,,
Seaver King,Wake Forest,NC,Athens,GA,,,
Liam Willson,Wake Forest,NC,Reston,VA,,,
Marek Houston,Wake Forest,NC,Nokomis,FL,,,
Nick Kurtz,Wake Forest,NC,Lancaster,PA,,,
Austin Hawke,Wake Forest,NC,Pfafftown,NC,,,
Ben Shenosky,Wake Forest,NC,Lititz,PA,,,
Chase Walter,Wake Forest,NC,Winston-Salem,NC,,,
Hudson Lee,Wake Forest,NC,Roebuck,SC,,,
Andrew Koshy,Wake Forest,NC,Albertson,NY,,,
Javar Williams,Wake Forest,NC,Dartmouth,MA,,,
David Falco Jr.,Wake Forest,NC,Center Moriches,NY,,,
Mitchell Salvino,Wake Forest,NC,Charlotte,NC,,,
Zach Johnston,Wake Forest,NC,North Yarmouth,ME,,,
Jeter Polledo,Wake Forest,NC,Hialeah,FL,,,
Crawford Wade,Wake Forest,NC,Charlotte,NC,,,
Haiden Leffew,Wake Forest,NC,Kannapolis,NC,,,
Jack Winnay,Wake Forest,NC,Newton,MA,,,
Cam Nelson,Wake Forest,NC,Baltimore,MD,,,
Josh Hartle,Wake Forest,NC,King,NC,,,
Antonio Morales,Wake Forest,NC,Norfolk,MA,,,
Josh Gunther,Wake Forest,NC,Fairhope,AL,,,
Cameron Gill,Wake Forest,NC,Alpharetta,GA,,,
Cole Roland,Wake Forest,NC,Duxbury,MA,,,
Chase Burns,Wake Forest,NC,Hendersonville,TN,,,
Michael Massey,Wake Forest,NC,Suwanee,GA,,,
Jake Reinisch,Wake Forest,NC,Clifton Park,NY,,,
Chris Katz,Wake Forest,NC,Raleigh,NC,,,
Luke Schmolke,Wake Forest,NC,Mooresville,NC,,,
Levi Strahm,Wake Forest,NC,Lewisville,NC,,,
Pirmin Brechbuhl,Wake Forest,NC,Brookhaven,GA,,,
Jacob Burley,Wake Forest,NC,Hollister,CA,,,
Joe Ariola,Wake Forest,NC,Malverne,NY,,,
Dylan Zucker,Wake Forest,NC,Locust Valley,NY,,,
Brody Shawn,Wake Forest,NC,Alexandria,VA,,,
Ryan Preisano,Wake Forest,NC,Wilton,CT,,,
Alex Madera,North Carolina,NC,Delran,NJ,,,
Reece Holbrook,North Carolina,NC,Mt. Pleasant,SC,,,
Colby Wilkerson,North Carolina,NC,Oxford,NC,,,
Anthony Donofrio,North Carolina,NC,Massapequa,NY,,,
Gavin Gallaher,North Carolina,NC,Apex,NC,,,
Jackson Van De Brake,North Carolina,NC,Yakima,WA,,,
Vance Honeycutt,North Carolina,NC,Salisbury,NC,,,
Patrick Alvarez,North Carolina,NC,Charlotte,NC,,,
Eliot Dix,North Carolina,NC,Maplewood,NJ,,,
Ryker Galaska,North Carolina,NC,Greenville,NC,,,
Parks Harber,North Carolina,NC,Atlanta,GA,,,
Cameron Padgett,North Carolina,NC,Salisbury,NC,,,
Casey Cook,North Carolina,NC,Chantilly,VA,,,
Boston Flannery,North Carolina,NC,New City,NY,,,
Carter French,North Carolina,NC,Tampa,FL,,,
Johnny Castagnozzi,North Carolina,NC,Massapequa,NY,,,
Kaleb Cost,North Carolina,NC,Atlanta,GA,,,
Alberto Osuna,North Carolina,NC,Mauldin,SC,,,
Matthew Matthijs,North Carolina,NC,Greenville,NC,,,
Ben Peterson,North Carolina,NC,Cary,NC,,,
Kyle Percival,North Carolina,NC,Lancaster,SC,,,
Connor Bovair,North Carolina,NC,Moreau,NY,,,
Shea Sprague,North Carolina,NC,Hanover,MA,,,
Jason DeCaro,North Carolina,NC,North Port,NY,,,
Olin Johnson,North Carolina,NC,Bellingham,WA,,,
Francesco Capocci,North Carolina,NC,Cumming,GA,,,
Folger Boaz,North Carolina,NC,Pilot Mountain,NC,,,
Matt Poston,North Carolina,NC,Hampton,SC,,,
Harrison Lewis,North Carolina,NC,Winston-Salem,NC,,,
Jacob Kirby,North Carolina,NC,Waxhaw,NC,,,
Jake Knapp,North Carolina,NC,Greensboro,NC,,,
Tyler Parks,North Carolina,NC,Asheboro,NC,,,
Luke Stevenson,North Carolina,NC,Wake Forest,NC,,,
Hunter Stokely,North Carolina,NC,Wilson,NC,,,
Will Simmons,North Carolina,NC,Sioux Falls,SD,,,
Aidan Haugh,North Carolina,NC,Zebulon,NC,,,
Dalton Pence,North Carolina,NC,Cherryville,NC,,,
Hugh Collins,North Carolina,NC,Clayton,NC,,,
Ryan Fischer,North Carolina,NC,Whitehouse Station,NJ,,,
Parker Haskin,North Carolina,NC,Palm Beach Gardens,FL,,,
Mason Yokum,North Carolina,NC,Holly Springs,NC,,,
Luke Osteen,North Carolina,NC,Huntersville,NC,,,
Ryan Hench,North Carolina,NC,Hillsborough,NC,,,
Tyler Bischke,Pitt,PA,Pittsburgh, PA ,,,
Keeton Burroughs,Pitt,PA,Odessa, FL ,,,
Jake Kendro,Pitt,PA,Pittsburgh, PA ,,,
Austyn Winkleblech,Pitt,PA,Canonsburg, PA ,,,
Dom Popa,Pitt,PA,Pittsburgh, PA ,,,
C.J. Funk,Pitt,PA,Bellefonte, PA ,,,
Jonah St. Antoine,Pitt,PA,Grand Rapids, MI ,,,
Bryce Rudisill,Pitt,PA,Gettysburg, PA ,,,
Justin Fogel,Pitt,PA,Yardley, PA ,,,
Ryan Zuckerman,Pitt,PA,Yardley, PA ,,,
Ethan Firoved,Pitt,PA,Virginia Beach, VA ,,,
Anthony LaSala,Pitt,PA,Aliquippa, PA ,,,
Kyle Mosley,Pitt,PA,Mansfield, TX ,,,
Sebastian Pisacreta,Pitt,PA,Moorestown, NJ ,,,
Gavin Chillot,Pitt,PA,Springbrook Township, PA ,,,
Joey Ciancimino,Pitt,PA,Staten Island, NY ,,,
Turner Grau,Pitt,PA,Pittsburgh, PA ,,,
Chris Baker,Pitt,PA,Moorestown, NJ ,,,
Ryan Partridge,Pitt,PA,Wexford, PA ,,,
Will Hummel,Pitt,PA,Mechanicsburg, PA ,,,
Matt Porter,Pitt,PA,Crystal Lake, IL ,,,
Phil Fox,Pitt,PA,Pittsburgh, PA ,,,
Ryan Andrade,Pitt,PA,Middletown, RI ,,,
Matthew Fernandez,Pitt,PA,Miami, FL ,,,
Kyle Demi,Pitt,PA,Wexford, PA ,,,
Erubiel Candelario,Pitt,PA,Bronx, NY ,,,
Luke Cantwell,Pitt,PA,Warrington, PA ,,,
Kayden Faulcon,Pitt,PA,Yardley, PA ,,,
Jayden Melendez,Pitt,PA,Miami, FL ,,,
Holden Phelps,Pitt,PA,Crystal Lake, IL ,,,
Richie Dell,Pitt,PA,Bridgeville, PA ,,,
Ryan Reed,Pitt,PA,Ridley Park, PA ,,,
Jack Sokol,Pitt,PA,New Albany, OH ,,,
Aidan Coleman,Pitt,PA,San Antonio, TX ,,,
Ben Kovel,Pitt,PA,Merrick, NY ,,,
Gavin Lill,Pitt,PA,West Chester, PA ,,,
Nathan Beimel,Pitt,PA,St. Mary's, PA ,,,
Josh Spiegel,Pitt,PA,Pittsburgh, PA ,,,
Alex Lodise,Florida State,FL,St. Augustine,FL,,,
Titan Kamaka,Florida State,FL,Orlando,FL,,,
Drew Faurot,Florida State,FL,Tallahassee,FL,,,
Cal Fisher,Florida State,FL,Deerfield,WI,,,
Spencer Butt,Florida State,FL,Davie,FL,,,
Jaime Ferrer,Florida State,FL,Bayamón,PR,,,
Brennen Oxford,Florida State,FL,Durham,NH,,,
Carson Dorsey,Florida State,FL,Panama City Beach,FL,,,
Jordan Williams,Florida State,FL,Odessa,FL,,,
Conner Whittaker,Florida State,FL,Sarasota,FL,,,
Andrew Duncan,Florida State,FL,Dunedin,FL,,,
Connor Hults,Florida State,FL,St. Johns,FL,,,
Jamie Arnold,Florida State,FL,Tampa,FL,,,
Yoel Tejeda Jr.,Florida State,FL,Davie,FL,,,
Max Williams,Florida State,FL,Ormond Beach,FL,,,
Riley Jackson,Florida State,FL,Melbourne,FL,,,
Jaxson West,Florida State,FL,Tallahassee,FL,,,
Gavin Adams,Florida State,FL,Boynton Beach,FL,,,
James Tibbs III,Florida State,FL,Marietta,GA,,,
Brody DeLamielleure,Florida State,FL,St. Augustine,FL,,,
Cam Smith,Florida State,FL,Lake Worth,FL,,,
McGwire Holbrook,Florida State,FL,Orlando,FL,,,
Justin Best,Florida State,FL,Cornelius,NC,,,
DeAmez Ross,Florida State,FL,Melbourne,FL,,,
Jacob Marlowe,Florida State,FL,Naples,FL,,,
Cam Leiter,Florida State,FL,Bayville,NJ,,,
Ryan Denison,Florida State,FL,Tampa,FL,,,
Daniel Cantu,Florida State,FL,Jacksonville,FL,,,
Ben Barrett,Florida State,FL,Orlando,FL,,,
Brady Louck,Florida State,FL,Plainfield,IL,,,
Noah Short,Florida State,FL,Teays Valley,WV,,,
Andrew Armstrong,Florida State,FL,Flowery Branch,GA,,,
Joe Charles,Florida State,FL,Celebration,FL,,,
Matt Sauser,Florida State,FL,Bloomington,IL,,,
David Barrett,Florida State,FL,Sarasota,FL,,,
Marco Dinges,Florida State,FL,Beekman,NY,,,
Hudson Rowan,Florida State,FL,Panama City,FL,,,
Matty Davis,Florida State,FL,Palm Beach Gardens,FL,,,
Lance Trippel,Florida State,FL,Sarasota,FL,,,
James Hankerson Jr.,Florida State,FL,Tampa,FL,,,
David Davila,Florida State,FL,Miami,FL,,,
John Abraham,Florida State,FL,Tampa,FL,,,
Mason McDougall,Florida State,FL,Tampa,FL,,,
Payton Manca,Florida State,FL,Winchendon,MA,,,
Drew Titsworth,Clemson,SC,Frankenmuth,MI,,,
Lleyton Lackey,Clemson,SC,Evans,GA,,,
Nolan Nawrocki,Clemson,SC,Rockville Centre,NY,,,
Jack Crighton,Clemson,SC,Rochester Hills,MI,,,
Cooper Blauser,Clemson,SC,Johns Creek,GA,,,
Andrew Ciufo,Clemson,SC,Medford,NY,,,
Jacob Hinderleider,Clemson,SC,Kaneohe,HI,,,
Blake Wright,Clemson,SC,Belleair,FL,,,
Jacob Jarrell,Clemson,SC,Florence,SC,,,
Cam Cannarella,Clemson,SC,Hartsville,SC,,,
Mason Smith,Clemson,SC,Lexington,SC,,,
Jimmy Obertop,Clemson,SC,St. Louis,MO,,,
Hideki Prather,Clemson,SC,Oakland,CA,,,
B.J. Bailey,Clemson,SC,Woodruff,SC,,,
Reed Garris,Clemson,SC,Mount Pleasant,SC,,,
Will Taylor,Clemson,SC,Irmo,SC,,,
Alden Mathes,Clemson,SC,Broomall,PA,,,
Tristan Smith,Clemson,SC,Boiling Springs,SC,,,
Aidan Knaak,Clemson,SC,Fort Myers,FL,,,
Nick Clayton,Clemson,SC,York,SC,,,
Jay Dillard,Clemson,SC,Anderson,SC,,,
Nathan Hall,Clemson,SC,Lexington,SC,,,
Jarren Purify,Clemson,SC,Detroit,MI,,,
Ty Olenchuk,Clemson,SC,Irmo,SC,,,
Luke Brown,Clemson,SC,Apex,NC,,,
Casey Tallent,Clemson,SC,Hartwell,GA,,,
Tristan Bissetta,Clemson,SC,Greenville,SC,,,
Joe Allen,Clemson,SC,Hampton Falls,NH,,,
Billy Barlow,Clemson,SC,North Myrtle Beach,SC,,,
Jacob McGovern,Clemson,SC,Seneca,SC,,,
Nick Couch,Clemson,SC,Greenville,SC,,,
Justin LeGuernic,Clemson,SC,Dix Hills,NY,,,
Noah Samol,Clemson,SC,Mason,OH,,,
Matthew Marchal,Clemson,SC,Greenville,SC,,,
Jackson Cole,Clemson,SC,Boiling Springs,SC,,,
Ethan Darden,Clemson,SC,Rock Hill,SC,,,
Brodey Conn,Clemson,SC,Clemson,SC,,,
Nathan Dvorsky,Clemson,SC,Suwanee,GA,,,
Devin Parks,Clemson,SC,Fort Mill,SC,,,
Ty Marshall,Clemson,SC,Cayce,SC,,,
Lucas Mahlstedt,Clemson,SC,Ormond Beach,FL,,,
Rob Hughes,Clemson,SC,Rock Hill,SC,,,
Chance Fitzgerald,Clemson,SC,Sanford,FL,,,
Rocco Reid,Clemson,SC,Greenville,SC,,,
Tryston McCladdie,Clemson,SC,Harlem,GA,,,
Austin Gordon,Clemson,SC,Myrtle Beach,SC,,,
Alex Alicea,Louisville,KY,Milwaukee,WI,,,
Patrick Forbes,Louisville,KY,Bowling Green,KY,,,
Logan Beard,Louisville,KY,Louisville,KY,,,
Will Vierling,Louisville,KY,Mequon,WI,,,
Gavin Kilen,Louisville,KY,Milton,WI,,,
Noah Bush,Louisville,KY,Waverly,MN,,,
Kade Grundy,Louisville,KY,Somerset,KY,,,
Brandon Anderson,Louisville,KY,Richmond,KY,,,
Dylan Hoy,Louisville,KY,Suffern,NY,,,
Carson Liggett,Louisville,KY,Overland Park,KA,,,
Ty Starke,Louisville,KY,Louisville,KY,,,
JT Benson,Louisville,KY,Crestwood,KY,,,
George Baker,Louisville,KY,Waldorf,MD,,,
Colton Hartman,Louisville,KY,Lebanon,OH,,,
Michael Lippe,Louisville,KY,Whitefish Bay,WI,,,
Kyle Crow,Louisville,KY,Fenton,MI,,,
Will Koger,Louisville,KY,Bardstown,KY,,,
TJ Schlageter,Louisville,KY,Romeoville,IL,,,
Korbyn Dickerson,Louisville,KY,Jeffersonville,IN,,,
Tucker Biven,Louisville,KY,New Albany,IN,,,
Wyatt Danilowicz,Louisville,KY,Traverse City,MI,,,
Matt Klein,Louisville,KY,Louisville,KY,,,
Sebastian Gongora,Louisville,KY,Dayton,OH,,,
Evan Webster,Louisville,KY,Union,KY,,,
Parker Detmers,Louisville,KY,Chatham,IL,,,
Ryan McCoy,Louisville,KY,Frankfort,IL,,,
Zion Rose,Louisville,KY,Chicago,IL,,,
Mitchell Dean,Louisville,KY,Russiaville,IN,,,
Jared Lessman,Louisville,KY,Cumberland,WI,,,
Luke Napleton,Louisville,KY,LaGrange,IL,,,
Tagger Tyson,Louisville,KY,Mount Pleasant,SC,,,
Morgan Davis,Louisville,KY,Bedford,NY,,,
Jake Karaba,Louisville,KY,Naperville,IL,,,
Jake Murphy,Louisville,KY,Kingsville,OH,,,
Riley Phillips,Louisville,KY,Godfrey,IL,,,
Eddie King Jr.,Louisville,KY,Lynwood,IL,,,
Braxton Stewart,Louisville,KY,Winston-Salem,NC,,,
Dan Snyder,Louisville,KY,Erie,PA,,,
Justin West,Louisville,KY,Paducah,KY,,,
Thomas Howard,Louisville,KY,Lexington,KY,,,
Kayden Campbell,Louisville,KY,Cincinnati,OH,,,
Josh Klug,Louisville,KY,Traverse City,MI,,,
Isaac Humphrey,Louisville,KY,Livermore,KY,,,
Lucas Moore,Louisville,KY,Cincinnati,OH,,,
Kaleb Corbett,Louisville,KY,Louisville,KY,,,
Luke Nixon,NC State,NC,Wilmington,NC,,,
Carson Falsken,NC State,NC,Newbury Park,CA,,,
Noah Soles,NC State,NC,Thomasville,NC,,,
Brandon Butterworth,NC State,NC,Monroe,NC,,,
Matt Heavner,NC State,NC,Lincolnton,NC,,,
Peyton Young,NC State,NC,Hickory,NC,,,
Christopher Zupito,NC State,NC,Drexel Hill,PA,,,
Chance Mako,NC State,NC,Salisbury,NC,,,
Garrett Payne,NC State,NC,Charlottesville,VA,,,
Chase Nixon,NC State,NC,Wilmington,NC,,,
Alex Sosa,NC State,NC,Viera,FL,,,
Jacob Cozart,NC State,NC,High Point,NC,,,
Drew Lanphere,NC State,NC,Wendell,NC,,,
Eli Serrano III,NC State,NC,Fuquay-Varina,NC,,,
Sam Highfill,NC State,NC,Apex,NC,,,
Jaxon Lucas,NC State,NC,Garner,NC,,,
Heath Andrews,NC State,NC,Fincastle,VA,,,
Ryan Marohn,NC State,NC,Chantilly,VA,,,
Josh Hogue,NC State,NC,North Palm Beach,FL,,,
Matt Willadsen,NC State,NC,Holly Springs,NC,,,
Carson Kelly,NC State,NC,Sanford,NC,,,
Derrick Smith,NC State,NC,White Bear Lake,MN,,,
Win Scott,NC State,NC,Jamestown,NC,,,
Cooper Consiglio,NC State,NC,Palm Harbor,FL,,,
Logan Whitaker,NC State,NC,Winston-Salem,NC,,,
Robert Nedry,NC State,NC,Lighthouse Point,FL,,,
Shane Van Dam,NC State,NC,Cranford,NJ,,,
Garrett Pennington,NC State,NC,Lenexa,KA,,,
P.J. Labriola,NC State,NC,Bradenton,FL,,,
Camden Wimbish,NC State,NC,Locust,NC,,,
Jacob Halford,NC State,NC,Gastonia,NC,,,
Jacob Dudan,NC State,NC,Huntersville,NC,,,
Jacob Dienes,NC State,NC,Wilson,NC,,,
John Miralia,NC State,NC,Charlotte,NC,,,
Hollis Fanning,NC State,NC,Lynchburg,TN,,,
Jake Bechtel,NC State,NC,Palm Harbor,FL,,,
Andrew Shaffner,NC State,NC,Elk Creek,VA,,,
Dominic Fritton,NC State,NC,Fuquay-Varina,NC,,,
Alec Makarewicz,NC State,NC,Longwood,FL,,,
Sam Tackett,Virginia Tech,VA,Lexington,KY,,,
Christian Martin,Virginia Tech,VA,Amherst,VA,,,
Carson DeMartini,Virginia Tech,VA,Virginia Beach,VA,,,
Gehrig Ebel,Virginia Tech,VA,Ooltewah,TENN,,,
Henry Cooke,Virginia Tech,VA,Stuarts Draft,VA,,,
Nick Locurto,Virginia Tech,VA,Garnerville,NY,,,
Clay Grady,Virginia Tech,VA,Suffolk,VA,,,
Ben Watson,Virginia Tech,VA,West Chester,PA,,,
Eddie Eisert,Virginia Tech,VA,Fairfax Station,VA,,,
Ethan Gibson,Virginia Tech,VA,Abingdon,VA,,,
Jordan Vera,Virginia Tech,VA,Miami,FL,,,
Jeremy Neff,Virginia Tech,VA,West Palm Beach,FL,,,
Matthew Siverling,Virginia Tech,VA,Matthews,NC,,,
Brett Renfrow,Virginia Tech,VA,Manassas,VA,,,
Warren Holzemer,Virginia Tech,VA,Burke,VA,,,
Eddie Micheletti Jr.,Virginia Tech,VA,Wilmington,DE,,,
Preston Crowl,Virginia Tech,VA,Franklin County,VA,,,
Carter Newman,Virginia Tech,VA,Woodbridge,VA,,,
David Shoemaker,Virginia Tech,VA,State College,PA,,,
Chris Cannizzaro,Virginia Tech,VA,Staten Island,NY,,,
Garrett Michel,Virginia Tech,VA,Denver,NC,,,
Griffin Stieg,Virginia Tech,VA,McLean,VA,,,
Ryan Kennedy,Virginia Tech,VA,Manassas,VA,,,
Carrington Aaron,Virginia Tech,VA,Callands,VA,,,
Andrew Sentlinger,Virginia Tech,VA,Charlotte,NC,,,
Madden Clement,Virginia Tech,VA,Butler,PA,,,
Trey Way,Virginia Tech,VA,Asheboro,NC,,,
JT Gibson,Virginia Tech,VA,McLean,VA,,,
Jacob Exum,Virginia Tech,VA,Virginia Beach,VA,,,
Justin Herbstman,Virginia Tech,VA,Old Bridge,NJ,,,
Wyatt Parliament,Virginia Tech,VA,La Fargeville,NY,,,
David McCann,Virginia Tech,VA,Trumbull,CT,,,
Jake Slade,Virginia Tech,VA,Purcellville,VA,,,
Ryan Buckler,Virginia Tech,VA,Marstons Mills,MA,,,
Grant Manning,Virginia Tech,VA,Dublin,CA,,,
Matt Westley,Virginia Tech,VA,Manassas,VA,,,
Carson Ohl,Virginia Tech,VA,Simi Valley,CA,,,
Brady Kirtner,Virginia Tech,VA,Christiansburg,VA,,,
Jacob Stretch,Virginia Tech,VA,West Grove,PA,,,
Jordan Little,Virginia Tech,VA,Mint Hill,NC,,,
Garrett Mason,Virginia Tech,VA,Henrico,VA,,,
Mitch Jones,Virginia Tech,VA,Greenville,NC,,,
Griffin Green,Virginia Tech,VA,Chelmsford,MA,,,
Luke Jackman,Virginia Tech,VA,McLean,VA,,,
Mike Becchetti,Georgia Tech,GA,Eastchester,NY,,,
Parker Brosius,Georgia Tech,GA,Suwanee,GA,,,
Cam Jones,Georgia Tech,GA,Houston County,GA,,,
Jackson Gaspard,Georgia Tech,GA,Flowery Branch,GA,,,
Tyler Minnick,Georgia Tech,GA,Marietta,GA,,,
Demitri Diamant,Georgia Tech,GA,Las Vegas,NV,,,
Carson Kerce,Georgia Tech,GA,Marietta,GA,,,
Jett Lovett,Georgia Tech,GA,Newnan,GA,,,
Drew Burress,Georgia Tech,GA,Houston County,GA,,,
Payton Green,Georgia Tech,GA,Cary,NC,,,
Ryan Jaros,Georgia Tech,GA,Cranford,NJ,,,
Bobby Zmarzlak,Georgia Tech,GA,Stamford,CT,,,
Camron Hill,Georgia Tech,GA,Fayetteville,GA,,,
Riley Stanford,Georgia Tech,GA,Gainesville,GA,,,
Nico Senese,Georgia Tech,GA,Senoia,GA,,,
Trey Yunger,Georgia Tech,GA,Atlanta,GA,,,
JD Smith,Georgia Tech,GA,Valdosta,GA,,,
Ben King,Georgia Tech,GA,Calhoun,GA,,,
Tate McKee,Georgia Tech,GA,Kennesaw,GA,,,
Carsten Sabathia,Georgia Tech,GA,Alpine,NJ,,,
Vahn Lackey,Georgia Tech,GA,Suwanee,GA,,,
Brett Denby,Georgia Tech,GA,New Albany,IN,,,
Dawson Brown,Georgia Tech,GA,Macon,GA,,,
Logan McGuire,Georgia Tech,GA,Acworth,GA,,,
Mason Patel,Georgia Tech,GA,Knoxville,TN,,,
Brett Thomas,Georgia Tech,GA,Atlanta,GA,,,
Brett Barfield,Georgia Tech,GA,Cumming,GA,,,
Aeden Finateri,Georgia Tech,GA,Watertown,CT,,,
Michael Graziano,Georgia Tech,GA,Naples,FL,,,
Aidan Jolley,Georgia Tech,GA,Acworth,GA,,,
Caden Gaudette,Georgia Tech,GA,Alpharetta,GA,,,
Carson Ballard,Georgia Tech,GA,Alpharetta,GA,,,
Tyler Neises,Georgia Tech,GA,Dalton,GA,,,
John Giesler,Georgia Tech,GA,Marietta,GA,,,
Nathanael Coupet,Georgia Tech,GA,Boynton Beach,FL,,,
Michal Kovala,Georgia Tech,GA,Ostrava, Czech Republic,,,
Camren Landry,Georgia Tech,GA,Johns Creek,GA,,,
Jake Tucker,Georgia Tech,GA,Kennesaw,GA,,,
Jackson Sobel,Georgia Tech,GA,Charleston,SC,,,
Petey Craska,Georgia Tech,GA,Gibsonia,PA,,,
Terry Busse,Georgia Tech,GA,Valparaiso,IN,,,
Matthew Ellis,Georgia Tech,GA,Waddy,KY,,,
Reed Schaefer,Georgia Tech,GA,Las Vegas,NV,,,
,,,,,,,
,,,,,,,
,,,,,,,
